Date,Visitor,PTS,Home,PTS
"Tue, Oct 16, 2018",PHI,87,BOS,105
"Tue, Oct 16, 2018",OKC,100,GSW,108
"Wed, Oct 17, 2018",MIL,113,CHA,112
"Wed, Oct 17, 2018",BKN,100,DET,103
"Wed, Oct 17, 2018",NOP,131,HOU,112
"Wed, Oct 17, 2018",MEM,83,IND,111
"Wed, Oct 17, 2018",DEN,107,LAC,98
"Wed, Oct 17, 2018",ATL,107,NYK,126
"Wed, Oct 17, 2018",MIA,101,ORL,104
"Wed, Oct 17, 2018",DAL,100,PHX,121
"Wed, Oct 17, 2018",UTA,123,SAC,117
"Wed, Oct 17, 2018",MIN,108,SAS,112
"Wed, Oct 17, 2018",CLE,104,TOR,116
"Thu, Oct 18, 2018",CHI,108,PHI,127
"Thu, Oct 18, 2018",LAL,119,POR,128
"Thu, Oct 18, 2018",MIA,113,WAS,112
"Fri, Oct 19, 2018",NYK,105,BKN,107
"Fri, Oct 19, 2018",OKC,92,LAC,108
"Fri, Oct 19, 2018",ATL,117,MEM,131
"Fri, Oct 19, 2018",IND,101,MIL,118
"Fri, Oct 19, 2018",CLE,123,MIN,131
"Fri, Oct 19, 2018",SAC,129,NOP,149
"Fri, Oct 19, 2018",CHA,120,ORL,88
"Fri, Oct 19, 2018",BOS,101,TOR,113
"Fri, Oct 19, 2018",GSW,124,UTA,123
"Sat, Oct 20, 2018",DET,118,CHI,116
"Sat, Oct 20, 2018",MIN,136,DAL,140
"Sat, Oct 20, 2018",PHX,91,DEN,119
"Sat, Oct 20, 2018",BKN,112,IND,132
"Sat, Oct 20, 2018",HOU,124,LAL,115
"Sat, Oct 20, 2018",CHA,113,MIA,112
"Sat, Oct 20, 2018",BOS,103,NYK,101
"Sat, Oct 20, 2018",ORL,115,PHI,116
"Sat, Oct 20, 2018",SAS,108,POR,121
"Sat, Oct 20, 2018",TOR,117,WAS,113
"Sun, Oct 21, 2018",ATL,133,CLE,111
"Sun, Oct 21, 2018",GSW,98,DEN,100
"Sun, Oct 21, 2018",HOU,112,LAC,115
"Sun, Oct 21, 2018",SAC,131,OKC,120
"Mon, Oct 22, 2018",ORL,93,BOS,90
"Mon, Oct 22, 2018",CHI,109,DAL,115
"Mon, Oct 22, 2018",PHX,103,GSW,123
"Mon, Oct 22, 2018",SAS,143,LAL,142
"Mon, Oct 22, 2018",NYK,113,MIL,124
"Mon, Oct 22, 2018",IND,91,MIN,101
"Mon, Oct 22, 2018",WAS,125,POR,124
"Mon, Oct 22, 2018",CHA,106,TOR,127
"Mon, Oct 22, 2018",MEM,92,UTA,84
"Tue, Oct 23, 2018",SAC,112,DEN,126
"Tue, Oct 23, 2018",PHI,132,DET,133
"Tue, Oct 23, 2018",LAC,109,NOP,116
"Wed, Oct 24, 2018",DAL,104,ATL,111
"Wed, Oct 24, 2018",CHA,110,CHI,112
"Wed, Oct 24, 2018",BKN,102,CLE,86
"Wed, Oct 24, 2018",WAS,122,GSW,144
"Wed, Oct 24, 2018",UTA,100,HOU,89
"Wed, Oct 24, 2018",NYK,87,MIA,110
"Wed, Oct 24, 2018",PHI,108,MIL,123
"Wed, Oct 24, 2018",LAL,131,PHX,113
"Wed, Oct 24, 2018",MEM,92,SAC,97
"Wed, Oct 24, 2018",IND,116,SAS,96
"Wed, Oct 24, 2018",MIN,105,TOR,112
"Thu, Oct 25, 2018",CLE,103,DET,110
"Thu, Oct 25, 2018",DEN,114,LAL,121
"Thu, Oct 25, 2018",BOS,101,OKC,95
"Thu, Oct 25, 2018",POR,128,ORL,114
"Fri, Oct 26, 2018",CHI,106,CHA,135
"Fri, Oct 26, 2018",LAC,133,HOU,113
"Fri, Oct 26, 2018",MIL,125,MIN,95
"Fri, Oct 26, 2018",BKN,115,NOP,117
"Fri, Oct 26, 2018",GSW,128,NYK,100
"Fri, Oct 26, 2018",WAS,112,SAC,116
"Fri, Oct 26, 2018",DAL,107,TOR,116
"Sat, Oct 27, 2018",CHI,97,ATL,85
"Sat, Oct 27, 2018",IND,119,CLE,107
"Sat, Oct 27, 2018",BOS,109,DET,89
"Sat, Oct 27, 2018",PHX,96,MEM,117
"Sat, Oct 27, 2018",POR,111,MIA,120
"Sat, Oct 27, 2018",ORL,91,MIL,113
"Sat, Oct 27, 2018",UTA,132,NOP,111
"Sat, Oct 27, 2018",CHA,103,PHI,105
"Sat, Oct 27, 2018",LAL,106,SAS,110
"Sun, Oct 28, 2018",GSW,120,BKN,114
"Sun, Oct 28, 2018",UTA,113,DAL,104
"Sun, Oct 28, 2018",WAS,104,LAC,136
"Sun, Oct 28, 2018",PHX,110,OKC,117
"Mon, Oct 29, 2018",GSW,149,CHI,124
"Mon, Oct 29, 2018",NOP,111,DEN,116
"Mon, Oct 29, 2018",POR,103,IND,93
"Mon, Oct 29, 2018",SAC,123,MIA,113
"Mon, Oct 29, 2018",TOR,109,MIL,124
"Mon, Oct 29, 2018",LAL,120,MIN,124
"Mon, Oct 29, 2018",BKN,96,NYK,115
"Mon, Oct 29, 2018",ATL,92,PHI,113
"Mon, Oct 29, 2018",DAL,108,SAS,113
"Tue, Oct 30, 2018",DET,105,BOS,108
"Tue, Oct 30, 2018",MIA,113,CHA,125
"Tue, Oct 30, 2018",ATL,114,CLE,136
"Tue, Oct 30, 2018",POR,104,HOU,85
"Tue, Oct 30, 2018",WAS,95,MEM,107
"Tue, Oct 30, 2018",LAC,110,OKC,128
"Tue, Oct 30, 2018",SAC,107,ORL,99
"Tue, Oct 30, 2018",PHI,112,TOR,129
"Wed, Oct 31, 2018",DET,119,BKN,120
"Wed, Oct 31, 2018",DEN,108,CHI,107
"Wed, Oct 31, 2018",NOP,121,GSW,131
"Wed, Oct 31, 2018",DAL,113,LAL,114
"Wed, Oct 31, 2018",UTA,125,MIN,128
"Wed, Oct 31, 2018",IND,107,NYK,101
"Wed, Oct 31, 2018",SAS,120,PHX,90
"Thu, Nov 1, 2018",SAC,146,ATL,115
"Thu, Nov 1, 2018",MIL,113,BOS,117
"Thu, Nov 1, 2018",OKC,111,CHA,107
"Thu, Nov 1, 2018",DEN,110,CLE,91
"Thu, Nov 1, 2018",LAC,113,PHI,122
"Thu, Nov 1, 2018",NOP,119,POR,132
"Fri, Nov 2, 2018",HOU,119,BKN,111
"Fri, Nov 2, 2018",IND,107,CHI,105
"Fri, Nov 2, 2018",NYK,118,DAL,106
"Fri, Nov 2, 2018",MIN,99,GSW,116
"Fri, Nov 2, 2018",LAC,120,ORL,95
"Fri, Nov 2, 2018",TOR,107,PHX,98
"Fri, Nov 2, 2018",MEM,110,UTA,100
"Fri, Nov 2, 2018",OKC,134,WAS,111
"Sat, Nov 3, 2018",MIA,118,ATL,123
"Sat, Nov 3, 2018",HOU,96,CHI,88
"Sat, Nov 3, 2018",CLE,94,CHA,126
"Sat, Nov 3, 2018",UTA,88,DEN,103
"Sat, Nov 3, 2018",BOS,101,IND,102
"Sat, Nov 3, 2018",DET,99,PHI,109
"Sat, Nov 3, 2018",LAL,114,POR,110
"Sat, Nov 3, 2018",NOP,95,SAS,109
"Sun, Nov 4, 2018",PHI,97,BKN,122
"Sun, Nov 4, 2018",TOR,121,LAL,107
"Sun, Nov 4, 2018",SAC,109,MIL,144
"Sun, Nov 4, 2018",MEM,100,PHX,102
"Sun, Nov 4, 2018",MIN,81,POR,111
"Sun, Nov 4, 2018",ORL,117,SAS,110
"Sun, Nov 4, 2018",NYK,95,WAS,108
"Mon, Nov 5, 2018",BOS,107,DEN,115
"Mon, Nov 5, 2018",MIA,120,DET,115
"Mon, Nov 5, 2018",MEM,101,GSW,117
"Mon, Nov 5, 2018",HOU,98,IND,94
"Mon, Nov 5, 2018",MIN,109,LAC,120
"Mon, Nov 5, 2018",CHI,116,NYK,115
"Mon, Nov 5, 2018",NOP,116,OKC,122
"Mon, Nov 5, 2018",CLE,100,ORL,102
"Mon, Nov 5, 2018",TOR,124,UTA,111
"Tue, Nov 6, 2018",ATL,102,CHA,113
"Tue, Nov 6, 2018",WAS,100,DAL,119
"Tue, Nov 6, 2018",BKN,104,PHX,82
"Tue, Nov 6, 2018",MIL,103,POR,118
"Wed, Nov 7, 2018",NYK,112,ATL,107
"Wed, Nov 7, 2018",OKC,95,CLE,86
"Wed, Nov 7, 2018",PHI,100,IND,94
"Wed, Nov 7, 2018",MIN,110,LAL,114
"Wed, Nov 7, 2018",DEN,87,MEM,89
"Wed, Nov 7, 2018",SAS,88,MIA,95
"Wed, Nov 7, 2018",CHI,98,NOP,107
"Wed, Nov 7, 2018",DET,103,ORL,96
"Wed, Nov 7, 2018",TOR,114,SAC,105
"Wed, Nov 7, 2018",DAL,102,UTA,117
"Thu, Nov 8, 2018",MIL,134,GSW,111
"Thu, Nov 8, 2018",HOU,80,OKC,98
"Thu, Nov 8, 2018",BOS,116,PHX,109
"Thu, Nov 8, 2018",LAC,105,POR,116
"Fri, Nov 9, 2018",DET,124,ATL,109
"Fri, Nov 9, 2018",BKN,112,DEN,110
"Fri, Nov 9, 2018",IND,110,MIA,102
"Fri, Nov 9, 2018",WAS,108,ORL,117
"Fri, Nov 9, 2018",CHA,132,PHI,133
"Fri, Nov 9, 2018",MIN,110,SAC,121
"Fri, Nov 9, 2018",BOS,115,UTA,123
"Sat, Nov 10, 2018",CLE,98,CHI,99
"Sat, Nov 10, 2018",OKC,96,DAL,111
"Sat, Nov 10, 2018",BKN,100,GSW,116
"Sat, Nov 10, 2018",MIL,126,LAC,128
"Sat, Nov 10, 2018",PHI,106,MEM,112
"Sat, Nov 10, 2018",WAS,116,MIA,110
"Sat, Nov 10, 2018",PHX,99,NOP,119
"Sat, Nov 10, 2018",LAL,101,SAC,86
"Sat, Nov 10, 2018",HOU,89,SAS,96
"Sat, Nov 10, 2018",NYK,112,TOR,128
"Sun, Nov 11, 2018",MIL,121,DEN,114
"Sun, Nov 11, 2018",CHA,113,DET,103
"Sun, Nov 11, 2018",IND,103,HOU,115
"Sun, Nov 11, 2018",ATL,106,LAL,107
"Sun, Nov 11, 2018",ORL,115,NYK,89
"Sun, Nov 11, 2018",BOS,94,POR,100
"Mon, Nov 12, 2018",DAL,103,CHI,98
"Mon, Nov 12, 2018",GSW,116,LAC,121
"Mon, Nov 12, 2018",UTA,96,MEM,88
"Mon, Nov 12, 2018",PHI,124,MIA,114
"Mon, Nov 12, 2018",BKN,113,MIN,120
"Mon, Nov 12, 2018",PHX,101,OKC,118
"Mon, Nov 12, 2018",SAS,99,SAC,104
"Mon, Nov 12, 2018",NOP,126,TOR,110
"Mon, Nov 12, 2018",ORL,109,WAS,117
"Tue, Nov 13, 2018",CHA,89,CLE,113
"Tue, Nov 13, 2018",HOU,109,DEN,99
"Tue, Nov 13, 2018",ATL,103,GSW,110
"Wed, Nov 14, 2018",CHI,82,BOS,111
"Wed, Nov 14, 2018",MIA,120,BKN,107
"Wed, Nov 14, 2018",UTA,68,DAL,118
"Wed, Nov 14, 2018",POR,117,LAL,126
"Wed, Nov 14, 2018",MEM,116,MIL,113
"Wed, Nov 14, 2018",NOP,100,MIN,107
"Wed, Nov 14, 2018",NYK,103,OKC,128
"Wed, Nov 14, 2018",PHI,106,ORL,111
"Wed, Nov 14, 2018",SAS,96,PHX,116
"Wed, Nov 14, 2018",DET,106,TOR,104
"Wed, Nov 14, 2018",CLE,95,WAS,119
"Thu, Nov 15, 2018",ATL,93,DEN,138
"Thu, Nov 15, 2018",GSW,86,HOU,107
"Thu, Nov 15, 2018",SAS,111,LAC,116
"Fri, Nov 16, 2018",TOR,116,BOS,123
"Fri, Nov 16, 2018",MIA,91,IND,99
"Fri, Nov 16, 2018",SAC,104,MEM,112
"Fri, Nov 16, 2018",CHI,104,MIL,123
"Fri, Nov 16, 2018",POR,96,MIN,112
"Fri, Nov 16, 2018",NYK,124,NOP,129
"Fri, Nov 16, 2018",UTA,107,PHI,113
"Fri, Nov 16, 2018",BKN,115,WAS,104
"Sat, Nov 17, 2018",UTA,98,BOS,86
"Sat, Nov 17, 2018",LAC,127,BKN,119
"Sat, Nov 17, 2018",TOR,122,CHI,83
"Sat, Nov 17, 2018",PHI,122,CHA,119
"Sat, Nov 17, 2018",GSW,109,DAL,112
"Sat, Nov 17, 2018",SAC,112,HOU,132
"Sat, Nov 17, 2018",ATL,89,IND,97
"Sat, Nov 17, 2018",DEN,115,NOP,125
"Sat, Nov 17, 2018",LAL,117,ORL,130
"Sat, Nov 17, 2018",OKC,110,PHX,100
"Sun, Nov 18, 2018",LAL,113,MIA,97
"Sun, Nov 18, 2018",MEM,100,MIN,87
"Sun, Nov 18, 2018",NYK,117,ORL,131
"Sun, Nov 18, 2018",GSW,92,SAS,104
"Sun, Nov 18, 2018",POR,119,WAS,109
"Mon, Nov 19, 2018",LAC,127,ATL,119
"Mon, Nov 19, 2018",BOS,112,CHA,117
"Mon, Nov 19, 2018",CLE,102,DET,113
"Mon, Nov 19, 2018",UTA,94,IND,121
"Mon, Nov 19, 2018",DAL,88,MEM,98
"Mon, Nov 19, 2018",DEN,98,MIL,104
"Mon, Nov 19, 2018",SAS,126,NOP,140
"Mon, Nov 19, 2018",PHX,114,PHI,119
"Mon, Nov 19, 2018",OKC,113,SAC,117
"Tue, Nov 20, 2018",BKN,104,MIA,92
"Tue, Nov 20, 2018",POR,118,NYK,114
"Tue, Nov 20, 2018",TOR,93,ORL,91
"Tue, Nov 20, 2018",LAC,118,WAS,125
"Wed, Nov 21, 2018",TOR,124,ATL,108
"Wed, Nov 21, 2018",NYK,117,BOS,109
"Wed, Nov 21, 2018",PHX,116,CHI,124
"Wed, Nov 21, 2018",IND,109,CHA,127
"Wed, Nov 21, 2018",LAL,109,CLE,105
"Wed, Nov 21, 2018",BKN,113,DAL,119
"Wed, Nov 21, 2018",OKC,123,GSW,95
"Wed, Nov 21, 2018",DET,124,HOU,126
"Wed, Nov 21, 2018",POR,100,MIL,143
"Wed, Nov 21, 2018",DEN,103,MIN,101
"Wed, Nov 21, 2018",NOP,120,PHI,121
"Wed, Nov 21, 2018",MEM,104,SAS,103
"Wed, Nov 21, 2018",SAC,119,UTA,110
"Fri, Nov 23, 2018",BOS,114,ATL,96
"Fri, Nov 23, 2018",MIN,112,BKN,102
"Fri, Nov 23, 2018",MIA,103,CHI,96
"Fri, Nov 23, 2018",ORL,87,DEN,112
"Fri, Nov 23, 2018",HOU,111,DET,116
"Fri, Nov 23, 2018",POR,97,GSW,125
"Fri, Nov 23, 2018",SAS,111,IND,100
"Fri, Nov 23, 2018",MEM,107,LAC,112
"Fri, Nov 23, 2018",UTA,83,LAL,90
"Fri, Nov 23, 2018",PHX,116,MIL,114
"Fri, Nov 23, 2018",NOP,109,NYK,114
"Fri, Nov 23, 2018",CHA,104,OKC,109
"Fri, Nov 23, 2018",CLE,121,PHI,112
"Fri, Nov 23, 2018",WAS,107,TOR,125
"Sat, Nov 24, 2018",HOU,108,CLE,117
"Sat, Nov 24, 2018",BOS,104,DAL,113
"Sat, Nov 24, 2018",SAC,116,GSW,117
"Sat, Nov 24, 2018",SAS,129,MIL,135
"Sat, Nov 24, 2018",CHI,96,MIN,111
"Sat, Nov 24, 2018",DEN,105,OKC,98
"Sat, Nov 24, 2018",NOP,114,WAS,124
"Sun, Nov 25, 2018",CHA,123,ATL,124
"Sun, Nov 25, 2018",PHI,127,BKN,125
"Sun, Nov 25, 2018",PHX,107,DET,118
"Sun, Nov 25, 2018",ORL,108,LAL,104
"Sun, Nov 25, 2018",NYK,103,MEM,98
"Sun, Nov 25, 2018",LAC,104,POR,100
"Sun, Nov 25, 2018",UTA,133,SAC,112
"Sun, Nov 25, 2018",MIA,115,TOR,125
"Mon, Nov 26, 2018",SAS,108,CHI,107
"Mon, Nov 26, 2018",MIL,107,CHA,110
"Mon, Nov 26, 2018",MIN,102,CLE,95
"Mon, Nov 26, 2018",ORL,110,GSW,116
"Mon, Nov 26, 2018",BOS,124,NOP,107
"Mon, Nov 26, 2018",IND,121,UTA,88
"Mon, Nov 26, 2018",HOU,131,WAS,135
"Tue, Nov 27, 2018",LAL,85,DEN,117
"Tue, Nov 27, 2018",NYK,108,DET,115
"Tue, Nov 27, 2018",TOR,122,MEM,114
"Tue, Nov 27, 2018",ATL,115,MIA,113
"Tue, Nov 27, 2018",IND,109,PHX,104
"Wed, Nov 28, 2018",UTA,101,BKN,91
"Wed, Nov 28, 2018",ATL,94,CHA,108
"Wed, Nov 28, 2018",DAL,128,HOU,108
"Wed, Nov 28, 2018",PHX,99,LAC,115
"Wed, Nov 28, 2018",CHI,113,MIL,116
"Wed, Nov 28, 2018",SAS,89,MIN,128
"Wed, Nov 28, 2018",WAS,104,NOP,125
"Wed, Nov 28, 2018",CLE,83,OKC,100
"Wed, Nov 28, 2018",NYK,91,PHI,117
"Wed, Nov 28, 2018",ORL,112,POR,115
"Thu, Nov 29, 2018",IND,96,LAL,104
"Thu, Nov 29, 2018",LAC,133,SAC,121
"Thu, Nov 29, 2018",GSW,128,TOR,131
"Fri, Nov 30, 2018",CLE,95,BOS,128
"Fri, Nov 30, 2018",MEM,131,BKN,125
"Fri, Nov 30, 2018",UTA,119,CHA,111
"Fri, Nov 30, 2018",CHI,88,DET,107
"Fri, Nov 30, 2018",DAL,103,LAL,114
"Fri, Nov 30, 2018",NOP,101,MIA,106
"Fri, Nov 30, 2018",ATL,109,OKC,124
"Fri, Nov 30, 2018",WAS,98,PHI,123
"Fri, Nov 30, 2018",ORL,99,PHX,85
"Fri, Nov 30, 2018",DEN,113,POR,112
"Fri, Nov 30, 2018",HOU,136,SAS,105
"Sat, Dec 1, 2018",TOR,106,CLE,95
"Sat, Dec 1, 2018",GSW,102,DET,111
"Sat, Dec 1, 2018",CHI,105,HOU,121
"Sat, Dec 1, 2018",BOS,118,MIN,109
"Sat, Dec 1, 2018",MIL,134,NYK,136
"Sat, Dec 1, 2018",IND,110,SAC,111
"Sat, Dec 1, 2018",BKN,88,WAS,102
"Sun, Dec 2, 2018",NOP,119,CHA,109
"Sun, Dec 2, 2018",LAC,110,DAL,114
"Sun, Dec 2, 2018",PHX,96,LAL,120
"Sun, Dec 2, 2018",UTA,100,MIA,102
"Sun, Dec 2, 2018",MEM,95,PHI,103
"Sun, Dec 2, 2018",POR,118,SAS,131
"Mon, Dec 3, 2018",GSW,128,ATL,111
"Mon, Dec 3, 2018",CLE,99,BKN,97
"Mon, Dec 3, 2018",OKC,110,DET,83
"Mon, Dec 3, 2018",HOU,91,MIN,103
"Mon, Dec 3, 2018",LAC,129,NOP,126
"Mon, Dec 3, 2018",WAS,110,NYK,107
"Mon, Dec 3, 2018",DEN,106,TOR,103
"Tue, Dec 4, 2018",POR,102,DAL,111
"Tue, Dec 4, 2018",CHI,90,IND,96
"Tue, Dec 4, 2018",ORL,105,MIA,90
"Tue, Dec 4, 2018",SAC,122,PHX,105
"Tue, Dec 4, 2018",SAS,105,UTA,139
"Wed, Dec 5, 2018",WAS,131,ATL,117
"Wed, Dec 5, 2018",OKC,114,BKN,112
"Wed, Dec 5, 2018",GSW,129,CLE,105
"Wed, Dec 5, 2018",SAS,113,LAL,121
"Wed, Dec 5, 2018",LAC,86,MEM,96
"Wed, Dec 5, 2018",DET,92,MIL,115
"Wed, Dec 5, 2018",CHA,104,MIN,121
"Wed, Dec 5, 2018",DAL,106,NOP,132
"Wed, Dec 5, 2018",DEN,124,ORL,118
"Wed, Dec 5, 2018",PHI,102,TOR,113
"Thu, Dec 6, 2018",NYK,100,BOS,128
"Thu, Dec 6, 2018",PHX,86,POR,108
"Thu, Dec 6, 2018",HOU,91,UTA,118
"Fri, Dec 7, 2018",TOR,105,BKN,106
"Fri, Dec 7, 2018",OKC,112,CHI,114
"Fri, Dec 7, 2018",DEN,107,CHA,113
"Fri, Dec 7, 2018",SAC,129,CLE,110
"Fri, Dec 7, 2018",PHI,117,DET,111
"Fri, Dec 7, 2018",GSW,105,MIL,95
"Fri, Dec 7, 2018",MEM,107,NOP,103
"Fri, Dec 7, 2018",IND,112,ORL,90
"Fri, Dec 7, 2018",MIA,115,PHX,98
"Fri, Dec 7, 2018",LAL,120,SAS,133
"Sat, Dec 8, 2018",DEN,98,ATL,106
"Sat, Dec 8, 2018",BOS,133,CHI,77
"Sat, Dec 8, 2018",WAS,101,CLE,116
"Sat, Dec 8, 2018",HOU,104,DAL,107
"Sat, Dec 8, 2018",SAC,97,IND,107
"Sat, Dec 8, 2018",MIA,121,LAC,98
"Sat, Dec 8, 2018",LAL,111,MEM,88
"Sat, Dec 8, 2018",BKN,112,NYK,104
"Sat, Dec 8, 2018",MIN,105,POR,113
"Sun, Dec 9, 2018",NOP,116,DET,108
"Sun, Dec 9, 2018",CHA,119,NYK,107
"Sun, Dec 9, 2018",UTA,97,SAS,110
"Sun, Dec 9, 2018",MIL,104,TOR,99
"Mon, Dec 10, 2018",NOP,100,BOS,113
"Mon, Dec 10, 2018",SAC,108,CHI,89
"Mon, Dec 10, 2018",ORL,76,DAL,101
"Mon, Dec 10, 2018",MEM,99,DEN,105
"Mon, Dec 10, 2018",MIN,108,GSW,116
"Mon, Dec 10, 2018",WAS,101,IND,109
"Mon, Dec 10, 2018",MIA,105,LAL,108
"Mon, Dec 10, 2018",CLE,92,MIL,108
"Mon, Dec 10, 2018",UTA,113,OKC,122
"Mon, Dec 10, 2018",DET,102,PHI,116
"Mon, Dec 10, 2018",LAC,123,PHX,119
"Tue, Dec 11, 2018",POR,104,HOU,111
"Tue, Dec 11, 2018",TOR,123,LAC,99
"Tue, Dec 11, 2018",PHX,86,SAS,111
"Wed, Dec 12, 2018",DET,107,CHA,108
"Wed, Dec 12, 2018",NYK,106,CLE,113
"Wed, Dec 12, 2018",ATL,107,DAL,114
"Wed, Dec 12, 2018",TOR,113,GSW,93
"Wed, Dec 12, 2018",MIL,97,IND,113
"Wed, Dec 12, 2018",POR,83,MEM,92
"Wed, Dec 12, 2018",OKC,114,NOP,118
"Wed, Dec 12, 2018",BKN,127,PHI,124
"Wed, Dec 12, 2018",MIN,130,SAC,141
"Wed, Dec 12, 2018",MIA,84,UTA,111
"Wed, Dec 12, 2018",BOS,130,WAS,125
"Thu, Dec 13, 2018",LAL,111,HOU,126
"Thu, Dec 13, 2018",CHI,91,ORL,97
"Thu, Dec 13, 2018",DAL,89,PHX,99
"Thu, Dec 13, 2018",LAC,87,SAS,125
"Fri, Dec 14, 2018",ATL,108,BOS,129
"Fri, Dec 14, 2018",WAS,118,BKN,125
"Fri, Dec 14, 2018",NYK,126,CHA,124
"Fri, Dec 14, 2018",MIL,114,CLE,102
"Fri, Dec 14, 2018",OKC,98,DEN,109
"Fri, Dec 14, 2018",MIA,100,MEM,97
"Fri, Dec 14, 2018",IND,113,PHI,101
"Fri, Dec 14, 2018",TOR,122,POR,128
"Fri, Dec 14, 2018",GSW,130,SAC,125
"Sat, Dec 15, 2018",LAL,128,CHA,100
"Sat, Dec 15, 2018",BOS,104,DET,113
"Sat, Dec 15, 2018",HOU,105,MEM,97
"Sat, Dec 15, 2018",LAC,104,OKC,110
"Sat, Dec 15, 2018",UTA,89,ORL,96
"Sat, Dec 15, 2018",MIN,99,PHX,107
"Sat, Dec 15, 2018",CHI,98,SAS,93
"Sun, Dec 16, 2018",ATL,127,BKN,144
"Sun, Dec 16, 2018",PHI,128,CLE,105
"Sun, Dec 16, 2018",SAC,120,DAL,113
"Sun, Dec 16, 2018",TOR,86,DEN,95
"Sun, Dec 16, 2018",NYK,99,IND,110
"Sun, Dec 16, 2018",MIA,102,NOP,96
"Sun, Dec 16, 2018",LAL,110,WAS,128
"Mon, Dec 17, 2018",MIL,107,DET,104
"Mon, Dec 17, 2018",MEM,93,GSW,110
"Mon, Dec 17, 2018",UTA,97,HOU,102
"Mon, Dec 17, 2018",POR,131,LAC,127
"Mon, Dec 17, 2018",SAC,105,MIN,132
"Mon, Dec 17, 2018",PHX,128,NYK,110
"Mon, Dec 17, 2018",CHI,96,OKC,121
"Mon, Dec 17, 2018",PHI,96,SAS,123
"Tue, Dec 18, 2018",WAS,110,ATL,118
"Tue, Dec 18, 2018",LAL,110,BKN,115
"Tue, Dec 18, 2018",DAL,118,DEN,126
"Tue, Dec 18, 2018",CLE,92,IND,91
"Wed, Dec 19, 2018",PHX,111,BOS,103
"Wed, Dec 19, 2018",BKN,96,CHI,93
"Wed, Dec 19, 2018",CLE,99,CHA,110
"Wed, Dec 19, 2018",WAS,118,HOU,136
"Wed, Dec 19, 2018",NOP,115,MIL,123
"Wed, Dec 19, 2018",DET,129,MIN,123
"Wed, Dec 19, 2018",SAS,129,ORL,90
"Wed, Dec 19, 2018",NYK,109,PHI,131
"Wed, Dec 19, 2018",MEM,92,POR,99
"Wed, Dec 19, 2018",OKC,132,SAC,113
"Wed, Dec 19, 2018",IND,96,TOR,99
"Wed, Dec 19, 2018",GSW,103,UTA,108
"Thu, Dec 20, 2018",DAL,121,LAC,125
"Thu, Dec 20, 2018",HOU,99,MIA,101
"Fri, Dec 21, 2018",MIL,120,BOS,107
"Fri, Dec 21, 2018",IND,114,BKN,106
"Fri, Dec 21, 2018",ORL,80,CHI,90
"Fri, Dec 21, 2018",DET,86,CHA,98
"Fri, Dec 21, 2018",NOP,104,LAL,112
"Fri, Dec 21, 2018",ATL,114,NYK,107
"Fri, Dec 21, 2018",UTA,120,POR,90
"Fri, Dec 21, 2018",MEM,99,SAC,102
"Fri, Dec 21, 2018",MIN,98,SAS,124
"Fri, Dec 21, 2018",CLE,110,TOR,126
"Sat, Dec 22, 2018",DAL,116,GSW,120
"Sat, Dec 22, 2018",SAS,101,HOU,108
"Sat, Dec 22, 2018",DEN,111,LAC,132
"Sat, Dec 22, 2018",MIL,87,MIA,94
"Sat, Dec 22, 2018",TOR,101,PHI,126
"Sat, Dec 22, 2018",OKC,107,UTA,106
"Sat, Dec 22, 2018",PHX,146,WAS,149
"Sun, Dec 23, 2018",CHA,103,BOS,119
"Sun, Dec 23, 2018",PHX,103,BKN,111
"Sun, Dec 23, 2018",CHI,112,CLE,92
"Sun, Dec 23, 2018",ATL,98,DET,95
"Sun, Dec 23, 2018",LAC,127,GSW,129
"Sun, Dec 23, 2018",WAS,89,IND,105
"Sun, Dec 23, 2018",MEM,107,LAL,99
"Sun, Dec 23, 2018",MIN,114,OKC,112
"Sun, Dec 23, 2018",MIA,115,ORL,91
"Sun, Dec 23, 2018",DAL,118,POR,121
"Sun, Dec 23, 2018",NOP,117,SAC,122
"Tue, Dec 25, 2018",PHI,114,BOS,121
"Tue, Dec 25, 2018",LAL,127,GSW,101
"Tue, Dec 25, 2018",OKC,109,HOU,113
"Tue, Dec 25, 2018",MIL,109,NYK,95
"Tue, Dec 25, 2018",POR,96,UTA,117
"Wed, Dec 26, 2018",IND,129,ATL,121
"Wed, Dec 26, 2018",CHA,132,BKN,134
"Wed, Dec 26, 2018",MIN,119,CHI,94
"Wed, Dec 26, 2018",NOP,119,DAL,122
"Wed, Dec 26, 2018",WAS,95,DET,106
"Wed, Dec 26, 2018",SAC,118,LAC,127
"Wed, Dec 26, 2018",CLE,87,MEM,95
"Wed, Dec 26, 2018",TOR,106,MIA,104
"Wed, Dec 26, 2018",PHX,122,ORL,120
"Wed, Dec 26, 2018",DEN,103,SAS,111
"Thu, Dec 27, 2018",POR,110,GSW,109
"Thu, Dec 27, 2018",BOS,113,HOU,127
"Thu, Dec 27, 2018",NYK,96,MIL,112
"Thu, Dec 27, 2018",LAL,116,SAC,117
"Thu, Dec 27, 2018",PHI,114,UTA,97
"Fri, Dec 28, 2018",BKN,87,CHA,100
"Fri, Dec 28, 2018",SAS,99,DEN,102
"Fri, Dec 28, 2018",DET,88,IND,125
"Fri, Dec 28, 2018",LAC,118,LAL,107
"Fri, Dec 28, 2018",CLE,94,MIA,118
"Fri, Dec 28, 2018",ATL,123,MIN,120
"Fri, Dec 28, 2018",DAL,112,NOP,114
"Fri, Dec 28, 2018",TOR,87,ORL,116
"Fri, Dec 28, 2018",OKC,118,PHX,102
"Fri, Dec 28, 2018",CHI,101,WAS,92
"Sat, Dec 29, 2018",CLE,108,ATL,111
"Sat, Dec 29, 2018",SAS,122,LAC,111
"Sat, Dec 29, 2018",BOS,112,MEM,103
"Sat, Dec 29, 2018",BKN,115,MIL,129
"Sat, Dec 29, 2018",HOU,108,NOP,104
"Sat, Dec 29, 2018",DEN,122,PHX,118
"Sat, Dec 29, 2018",GSW,115,POR,105
"Sat, Dec 29, 2018",NYK,97,UTA,129
"Sat, Dec 29, 2018",CHA,126,WAS,130
"Sun, Dec 30, 2018",OKC,103,DAL,105
"Sun, Dec 30, 2018",SAC,114,LAL,121
"Sun, Dec 30, 2018",MIN,113,MIA,104
"Sun, Dec 30, 2018",DET,107,ORL,109
"Sun, Dec 30, 2018",PHI,95,POR,129
"Sun, Dec 30, 2018",CHI,89,TOR,95
"Mon, Dec 31, 2018",ORL,100,CHA,125
"Mon, Dec 31, 2018",MEM,101,HOU,113
"Mon, Dec 31, 2018",ATL,108,IND,116
"Mon, Dec 31, 2018",MIN,114,NOP,123
"Mon, Dec 31, 2018",DAL,102,OKC,122
"Mon, Dec 31, 2018",GSW,132,PHX,109
"Mon, Dec 31, 2018",BOS,111,SAS,120
"Tue, Jan 1, 2019",NYK,108,DEN,115
"Tue, Jan 1, 2019",PHI,119,LAC,113
"Tue, Jan 1, 2019",DET,98,MIL,121
"Tue, Jan 1, 2019",POR,113,SAC,108
"Tue, Jan 1, 2019",UTA,116,TOR,122
"Wed, Jan 2, 2019",MIN,102,BOS,115
"Wed, Jan 2, 2019",NOP,121,BKN,126
"Wed, Jan 2, 2019",ORL,112,CHI,84
"Wed, Jan 2, 2019",DAL,122,CHA,84
"Wed, Jan 2, 2019",MIA,117,CLE,92
"Wed, Jan 2, 2019",OKC,107,LAL,100
"Wed, Jan 2, 2019",DET,101,MEM,94
"Wed, Jan 2, 2019",PHI,132,PHX,127
"Wed, Jan 2, 2019",ATL,98,WAS,114
"Thu, Jan 3, 2019",HOU,135,GSW,134
"Thu, Jan 3, 2019",DEN,117,SAC,113
"Thu, Jan 3, 2019",TOR,107,SAS,125
"Fri, Jan 4, 2019",DAL,93,BOS,114
"Fri, Jan 4, 2019",IND,119,CHI,116
"Fri, Jan 4, 2019",UTA,117,CLE,91
"Fri, Jan 4, 2019",NYK,119,LAL,112
"Fri, Jan 4, 2019",BKN,109,MEM,100
"Fri, Jan 4, 2019",WAS,109,MIA,115
"Fri, Jan 4, 2019",ATL,112,MIL,144
"Fri, Jan 4, 2019",ORL,103,MIN,120
"Fri, Jan 4, 2019",LAC,121,PHX,111
"Fri, Jan 4, 2019",OKC,111,POR,109
"Sat, Jan 5, 2019",NOP,133,CLE,98
"Sat, Jan 5, 2019",CHA,110,DEN,123
"Sat, Jan 5, 2019",UTA,110,DET,105
"Sat, Jan 5, 2019",TOR,123,MIL,116
"Sat, Jan 5, 2019",DAL,100,PHI,106
"Sat, Jan 5, 2019",HOU,101,POR,110
"Sat, Jan 5, 2019",GSW,127,SAC,123
"Sat, Jan 5, 2019",MEM,88,SAS,108
"Sun, Jan 6, 2019",MIA,82,ATL,106
"Sun, Jan 6, 2019",BKN,117,CHI,100
"Sun, Jan 6, 2019",ORL,96,LAC,106
"Sun, Jan 6, 2019",LAL,86,MIN,108
"Sun, Jan 6, 2019",WAS,116,OKC,98
"Sun, Jan 6, 2019",CHA,119,PHX,113
"Sun, Jan 6, 2019",IND,105,TOR,121
"Mon, Jan 7, 2019",BKN,95,BOS,116
"Mon, Jan 7, 2019",LAL,107,DAL,97
"Mon, Jan 7, 2019",SAS,119,DET,107
"Mon, Jan 7, 2019",DEN,113,HOU,125
"Mon, Jan 7, 2019",UTA,102,MIL,114
"Mon, Jan 7, 2019",MEM,95,NOP,114
"Mon, Jan 7, 2019",NYK,101,POR,111
"Mon, Jan 7, 2019",ORL,95,SAC,111
"Tue, Jan 8, 2019",IND,123,CLE,115
"Tue, Jan 8, 2019",NYK,95,GSW,122
"Tue, Jan 8, 2019",CHA,109,LAC,128
"Tue, Jan 8, 2019",DEN,103,MIA,99
"Tue, Jan 8, 2019",MIN,119,OKC,117
"Tue, Jan 8, 2019",WAS,115,PHI,132
"Tue, Jan 8, 2019",SAC,111,PHX,115
"Tue, Jan 8, 2019",ATL,101,TOR,104
"Wed, Jan 9, 2019",IND,108,BOS,135
"Wed, Jan 9, 2019",ATL,100,BKN,116
"Wed, Jan 9, 2019",PHX,94,DAL,104
"Wed, Jan 9, 2019",MIL,116,HOU,109
"Wed, Jan 9, 2019",DET,100,LAL,113
"Wed, Jan 9, 2019",SAS,86,MEM,96
"Wed, Jan 9, 2019",CLE,124,NOP,140
"Wed, Jan 9, 2019",CHI,112,POR,124
"Wed, Jan 9, 2019",ORL,93,UTA,106
"Wed, Jan 9, 2019",PHI,106,WAS,123
"Thu, Jan 10, 2019",LAC,100,DEN,121
"Thu, Jan 10, 2019",BOS,99,MIA,115
"Thu, Jan 10, 2019",DET,102,SAC,112
"Thu, Jan 10, 2019",OKC,147,SAS,154
"Fri, Jan 11, 2019",CHI,109,GSW,146
"Fri, Jan 11, 2019",CLE,113,HOU,141
"Fri, Jan 11, 2019",DAL,119,MIN,115
"Fri, Jan 11, 2019",IND,121,NYK,106
"Fri, Jan 11, 2019",ATL,123,PHI,121
"Fri, Jan 11, 2019",CHA,96,POR,127
"Fri, Jan 11, 2019",BKN,105,TOR,122
"Fri, Jan 11, 2019",LAL,95,UTA,113
"Fri, Jan 11, 2019",MIL,106,WAS,113
"Sat, Jan 12, 2019",DET,109,LAC,104
"Sat, Jan 12, 2019",MEM,108,MIA,112
"Sat, Jan 12, 2019",NOP,106,MIN,110
"Sat, Jan 12, 2019",SAS,112,OKC,122
"Sat, Jan 12, 2019",BOS,103,ORL,105
"Sat, Jan 12, 2019",DEN,93,PHX,102
"Sat, Jan 12, 2019",CHA,97,SAC,104
"Sat, Jan 12, 2019",CHI,102,UTA,110
"Sun, Jan 13, 2019",MIL,133,ATL,114
"Sun, Jan 13, 2019",GSW,119,DAL,114
"Sun, Jan 13, 2019",POR,113,DEN,116
"Sun, Jan 13, 2019",CLE,101,LAL,95
"Sun, Jan 13, 2019",PHI,108,NYK,105
"Sun, Jan 13, 2019",HOU,109,ORL,116
"Sun, Jan 13, 2019",TOR,140,WAS,138
"Mon, Jan 14, 2019",BOS,102,BKN,109
"Mon, Jan 14, 2019",MEM,94,HOU,112
"Mon, Jan 14, 2019",NOP,121,LAC,117
"Mon, Jan 14, 2019",POR,107,SAC,115
"Mon, Jan 14, 2019",CHA,108,SAS,93
"Mon, Jan 14, 2019",DET,94,UTA,100
"Tue, Jan 15, 2019",OKC,126,ATL,142
"Tue, Jan 15, 2019",GSW,142,DEN,111
"Tue, Jan 15, 2019",PHX,97,IND,131
"Tue, Jan 15, 2019",CHI,100,LAL,107
"Tue, Jan 15, 2019",MIA,86,MIL,124
"Tue, Jan 15, 2019",MIN,107,PHI,149
"Wed, Jan 16, 2019",TOR,108,BOS,117
"Wed, Jan 16, 2019",SAS,105,DAL,101
"Wed, Jan 16, 2019",ORL,115,DET,120
"Wed, Jan 16, 2019",NOP,140,GSW,147
"Wed, Jan 16, 2019",BKN,145,HOU,142
"Wed, Jan 16, 2019",UTA,129,LAC,109
"Wed, Jan 16, 2019",MIL,111,MEM,101
"Wed, Jan 16, 2019",CLE,112,POR,129
"Thu, Jan 17, 2019",SAC,95,CHA,114
"Thu, Jan 17, 2019",CHI,105,DEN,135
"Thu, Jan 17, 2019",PHI,120,IND,96
"Thu, Jan 17, 2019",LAL,138,OKC,128
"Thu, Jan 17, 2019",PHX,109,TOR,111
"Thu, Jan 17, 2019",NYK,100,WAS,101
"Fri, Jan 18, 2019",MEM,116,BOS,122
"Fri, Jan 18, 2019",MIA,93,DET,98
"Fri, Jan 18, 2019",GSW,112,LAC,94
"Fri, Jan 18, 2019",SAS,116,MIN,113
"Fri, Jan 18, 2019",BKN,117,ORL,115
"Fri, Jan 18, 2019",NOP,112,POR,128
"Fri, Jan 18, 2019",CLE,99,UTA,115
"Sat, Jan 19, 2019",BOS,113,ATL,105
"Sat, Jan 19, 2019",MIA,117,CHI,103
"Sat, Jan 19, 2019",PHX,115,CHA,135
"Sat, Jan 19, 2019",CLE,102,DEN,124
"Sat, Jan 19, 2019",SAC,103,DET,101
"Sat, Jan 19, 2019",LAL,134,HOU,138
"Sat, Jan 19, 2019",DAL,99,IND,111
"Sat, Jan 19, 2019",MIL,118,ORL,108
"Sat, Jan 19, 2019",OKC,117,PHI,115
"Sat, Jan 19, 2019",MEM,90,TOR,119
"Sun, Jan 20, 2019",CHA,95,IND,120
"Sun, Jan 20, 2019",PHX,114,MIN,116
"Sun, Jan 20, 2019",LAC,103,SAS,95
"Mon, Jan 21, 2019",ORL,122,ATL,103
"Mon, Jan 21, 2019",MIA,99,BOS,107
"Mon, Jan 21, 2019",SAC,94,BKN,123
"Mon, Jan 21, 2019",CHI,104,CLE,88
"Mon, Jan 21, 2019",GSW,130,LAL,111
"Mon, Jan 21, 2019",NOP,105,MEM,85
"Mon, Jan 21, 2019",DAL,106,MIL,116
"Mon, Jan 21, 2019",OKC,127,NYK,109
"Mon, Jan 21, 2019",HOU,93,PHI,121
"Mon, Jan 21, 2019",POR,109,UTA,104
"Mon, Jan 21, 2019",DET,87,WAS,101
"Tue, Jan 22, 2019",LAC,98,DAL,106
"Tue, Jan 22, 2019",POR,114,OKC,123
"Tue, Jan 22, 2019",MIN,118,PHX,91
"Tue, Jan 22, 2019",SAC,105,TOR,120
"Wed, Jan 23, 2019",CLE,103,BOS,123
"Wed, Jan 23, 2019",ORL,110,BKN,114
"Wed, Jan 23, 2019",ATL,121,CHI,101
"Wed, Jan 23, 2019",TOR,106,IND,110
"Wed, Jan 23, 2019",CHA,118,MEM,107
"Wed, Jan 23, 2019",LAC,111,MIA,99
"Wed, Jan 23, 2019",DET,98,NOP,94
"Wed, Jan 23, 2019",HOU,114,NYK,110
"Wed, Jan 23, 2019",SAS,120,PHI,122
"Wed, Jan 23, 2019",DEN,108,UTA,114
"Thu, Jan 24, 2019",MIN,120,LAL,105
"Thu, Jan 24, 2019",NOP,116,OKC,122
"Thu, Jan 24, 2019",POR,120,PHX,106
"Thu, Jan 24, 2019",GSW,126,WAS,118
"Fri, Jan 25, 2019",NYK,99,BKN,109
"Fri, Jan 25, 2019",LAC,106,CHI,101
"Fri, Jan 25, 2019",MIA,100,CLE,94
"Fri, Jan 25, 2019",DET,101,DAL,106
"Fri, Jan 25, 2019",PHX,95,DEN,132
"Fri, Jan 25, 2019",TOR,119,HOU,121
"Fri, Jan 25, 2019",SAC,99,MEM,96
"Fri, Jan 25, 2019",CHA,99,MIL,108
"Fri, Jan 25, 2019",WAS,95,ORL,91
"Fri, Jan 25, 2019",MIN,102,UTA,106
"Sat, Jan 26, 2019",GSW,115,BOS,111
"Sat, Jan 26, 2019",PHI,110,DEN,126
"Sat, Jan 26, 2019",IND,103,MEM,106
"Sat, Jan 26, 2019",SAS,126,NOP,114
"Sat, Jan 26, 2019",ATL,111,POR,120
"Sun, Jan 27, 2019",CLE,104,CHI,101
"Sun, Jan 27, 2019",TOR,123,DAL,120
"Sun, Jan 27, 2019",ORL,98,HOU,103
"Sun, Jan 27, 2019",SAC,108,LAC,122
"Sun, Jan 27, 2019",PHX,102,LAL,116
"Sun, Jan 27, 2019",UTA,125,MIN,111
"Sun, Jan 27, 2019",MIA,106,NYK,97
"Sun, Jan 27, 2019",MIL,112,OKC,118
"Sun, Jan 27, 2019",WAS,119,SAS,132
"Mon, Jan 28, 2019",BKN,104,BOS,112
"Mon, Jan 28, 2019",NYK,92,CHA,101
"Mon, Jan 28, 2019",GSW,132,IND,100
"Mon, Jan 28, 2019",ATL,123,LAC,118
"Mon, Jan 28, 2019",DEN,95,MEM,92
"Tue, Jan 29, 2019",CHI,117,BKN,122
"Tue, Jan 29, 2019",WAS,113,CLE,116
"Tue, Jan 29, 2019",MIL,115,DET,105
"Tue, Jan 29, 2019",NOP,121,HOU,116
"Tue, Jan 29, 2019",PHI,121,LAL,105
"Tue, Jan 29, 2019",OKC,126,ORL,117
"Tue, Jan 29, 2019",PHX,124,SAS,126
"Wed, Jan 30, 2019",CHA,94,BOS,126
"Wed, Jan 30, 2019",CHI,105,MIA,89
"Wed, Jan 30, 2019",MEM,97,MIN,99
"Wed, Jan 30, 2019",DEN,105,NOP,99
"Wed, Jan 30, 2019",DAL,114,NYK,90
"Wed, Jan 30, 2019",UTA,105,POR,132
"Wed, Jan 30, 2019",ATL,113,SAC,135
"Wed, Jan 30, 2019",IND,89,WAS,107
"Thu, Jan 31, 2019",DAL,89,DET,93
"Thu, Jan 31, 2019",PHI,113,GSW,104
"Thu, Jan 31, 2019",LAL,123,LAC,120
"Thu, Jan 31, 2019",IND,100,ORL,107
"Thu, Jan 31, 2019",BKN,114,SAS,117
"Thu, Jan 31, 2019",MIL,105,TOR,92
"Fri, Feb 1, 2019",MEM,92,CHA,100
"Fri, Feb 1, 2019",HOU,122,DEN,136
"Fri, Feb 1, 2019",OKC,118,MIA,102
"Fri, Feb 1, 2019",BOS,113,NYK,99
"Fri, Feb 1, 2019",ATL,112,UTA,128
"Sat, Feb 2, 2019",CHI,118,CHA,125
"Sat, Feb 2, 2019",DAL,111,CLE,98
"Sat, Feb 2, 2019",LAC,111,DET,101
"Sat, Feb 2, 2019",LAL,101,GSW,115
"Sat, Feb 2, 2019",IND,95,MIA,88
"Sat, Feb 2, 2019",DEN,107,MIN,106
"Sat, Feb 2, 2019",BKN,89,ORL,102
"Sat, Feb 2, 2019",ATL,118,PHX,112
"Sat, Feb 2, 2019",PHI,108,SAC,115
"Sat, Feb 2, 2019",NOP,108,SAS,113
"Sat, Feb 2, 2019",HOU,125,UTA,98
"Sat, Feb 2, 2019",MIL,131,WAS,115
"Sun, Feb 3, 2019",OKC,129,BOS,134
"Sun, Feb 3, 2019",MEM,96,NYK,84
"Sun, Feb 3, 2019",LAC,103,TOR,121
"Mon, Feb 4, 2019",MIL,113,BKN,94
"Mon, Feb 4, 2019",DEN,103,DET,129
"Mon, Feb 4, 2019",IND,109,NOP,107
"Mon, Feb 4, 2019",HOU,118,PHX,110
"Mon, Feb 4, 2019",SAS,112,SAC,127
"Mon, Feb 4, 2019",ATL,137,WAS,129
"Tue, Feb 5, 2019",LAC,117,CHA,115
"Tue, Feb 5, 2019",BOS,103,CLE,96
"Tue, Feb 5, 2019",LAL,94,IND,136
"Tue, Feb 5, 2019",MIN,106,MEM,108
"Tue, Feb 5, 2019",DET,105,NYK,92
"Tue, Feb 5, 2019",ORL,122,OKC,132
"Tue, Feb 5, 2019",TOR,119,PHI,107
"Tue, Feb 5, 2019",MIA,118,POR,108
"Wed, Feb 6, 2019",DEN,130,BKN,135
"Wed, Feb 6, 2019",NOP,125,CHI,120
"Wed, Feb 6, 2019",CHA,93,DAL,99
"Wed, Feb 6, 2019",SAS,102,GSW,141
"Wed, Feb 6, 2019",WAS,129,MIL,148
"Wed, Feb 6, 2019",HOU,127,SAC,101
"Wed, Feb 6, 2019",PHX,88,UTA,116
"Thu, Feb 7, 2019",TOR,119,ATL,101
"Thu, Feb 7, 2019",LAL,129,BOS,128
"Thu, Feb 7, 2019",LAC,92,IND,116
"Thu, Feb 7, 2019",MEM,95,OKC,117
"Thu, Feb 7, 2019",MIN,112,ORL,122
"Thu, Feb 7, 2019",SAS,118,POR,127
"Fri, Feb 8, 2019",CHI,125,BKN,106
"Fri, Feb 8, 2019",MIL,122,DAL,107
"Fri, Feb 8, 2019",NYK,103,DET,120
"Fri, Feb 8, 2019",MIN,117,NOP,122
"Fri, Feb 8, 2019",DEN,110,PHI,117
"Fri, Feb 8, 2019",GSW,117,PHX,107
"Fri, Feb 8, 2019",MIA,96,SAC,102
"Fri, Feb 8, 2019",CLE,106,WAS,119
"Sat, Feb 9, 2019",CHA,129,ATL,120
"Sat, Feb 9, 2019",LAC,123,BOS,112
"Sat, Feb 9, 2019",WAS,134,CHI,125
"Sat, Feb 9, 2019",OKC,117,HOU,112
"Sat, Feb 9, 2019",CLE,90,IND,105
"Sat, Feb 9, 2019",NOP,90,MEM,99
"Sat, Feb 9, 2019",ORL,103,MIL,83
"Sat, Feb 9, 2019",TOR,104,NYK,99
"Sat, Feb 9, 2019",SAS,105,UTA,125
"Sun, Feb 10, 2019",ORL,124,ATL,108
"Sun, Feb 10, 2019",POR,101,DAL,102
"Sun, Feb 10, 2019",MIA,118,GSW,120
"Sun, Feb 10, 2019",LAL,120,PHI,143
"Sun, Feb 10, 2019",PHX,104,SAC,117
"Mon, Feb 11, 2019",MIL,112,CHI,99
"Mon, Feb 11, 2019",NYK,104,CLE,107
"Mon, Feb 11, 2019",MIA,87,DEN,103
"Mon, Feb 11, 2019",WAS,112,DET,121
"Mon, Feb 11, 2019",DAL,104,HOU,120
"Mon, Feb 11, 2019",CHA,90,IND,99
"Mon, Feb 11, 2019",LAC,120,MIN,130
"Mon, Feb 11, 2019",POR,111,OKC,120
"Mon, Feb 11, 2019",BKN,125,TOR,127
"Tue, Feb 12, 2019",LAL,113,ATL,117
"Tue, Feb 12, 2019",UTA,108,GSW,115
"Tue, Feb 12, 2019",SAS,108,MEM,107
"Tue, Feb 12, 2019",ORL,118,NOP,88
"Tue, Feb 12, 2019",BOS,112,PHI,109
"Wed, Feb 13, 2019",DET,110,BOS,118
"Wed, Feb 13, 2019",MEM,110,CHI,122
"Wed, Feb 13, 2019",BKN,148,CLE,139
"Wed, Feb 13, 2019",MIA,112,DAL,101
"Wed, Feb 13, 2019",SAC,118,DEN,120
"Wed, Feb 13, 2019",MIL,106,IND,97
"Wed, Feb 13, 2019",PHX,107,LAC,134
"Wed, Feb 13, 2019",HOU,111,MIN,121
"Wed, Feb 13, 2019",PHI,126,NYK,111
"Wed, Feb 13, 2019",GSW,107,POR,129
"Wed, Feb 13, 2019",WAS,120,TOR,129
"Thu, Feb 14, 2019",NYK,106,ATL,91
"Thu, Feb 14, 2019",OKC,122,NOP,131
"Thu, Feb 14, 2019",CHA,89,ORL,127
"Thu, Feb 21, 2019",POR,113,BKN,99
"Thu, Feb 21, 2019",PHX,98,CLE,111
"Thu, Feb 21, 2019",SAC,123,GSW,125
"Thu, Feb 21, 2019",HOU,106,LAL,111
"Thu, Feb 21, 2019",BOS,97,MIL,98
"Thu, Feb 21, 2019",MIA,102,PHI,106
"Fri, Feb 22, 2019",DET,125,ATL,122
"Fri, Feb 22, 2019",WAS,110,CHA,123
"Fri, Feb 22, 2019",DEN,114,DAL,104
"Fri, Feb 22, 2019",NOP,111,IND,126
"Fri, Feb 22, 2019",LAC,112,MEM,106
"Fri, Feb 22, 2019",MIN,115,NYK,104
"Fri, Feb 22, 2019",UTA,147,OKC,148
"Fri, Feb 22, 2019",CHI,110,ORL,109
"Fri, Feb 22, 2019",SAS,117,TOR,120
"Sat, Feb 23, 2019",PHX,112,ATL,120
"Sat, Feb 23, 2019",BOS,116,CHI,126
"Sat, Feb 23, 2019",BKN,117,CHA,115
"Sat, Feb 23, 2019",MEM,107,CLE,112
"Sat, Feb 23, 2019",HOU,118,GSW,112
"Sat, Feb 23, 2019",DET,119,MIA,96
"Sat, Feb 23, 2019",MIN,128,MIL,140
"Sat, Feb 23, 2019",LAL,115,NOP,128
"Sat, Feb 23, 2019",SAC,119,OKC,116
"Sat, Feb 23, 2019",POR,130,PHI,115
"Sat, Feb 23, 2019",DAL,109,UTA,125
"Sat, Feb 23, 2019",IND,119,WAS,112
"Sun, Feb 24, 2019",LAC,96,DEN,123
"Sun, Feb 24, 2019",SAS,118,NYK,130
"Sun, Feb 24, 2019",ORL,113,TOR,98
"Mon, Feb 25, 2019",SAS,85,BKN,101
"Mon, Feb 25, 2019",MIL,117,CHI,106
"Mon, Feb 25, 2019",GSW,121,CHA,110
"Mon, Feb 25, 2019",POR,123,CLE,110
"Mon, Feb 25, 2019",IND,109,DET,113
"Mon, Feb 25, 2019",ATL,111,HOU,119
"Mon, Feb 25, 2019",DAL,112,LAC,121
"Mon, Feb 25, 2019",LAL,105,MEM,110
"Mon, Feb 25, 2019",PHX,124,MIA,121
"Mon, Feb 25, 2019",SAC,105,MIN,112
"Mon, Feb 25, 2019",PHI,111,NOP,110
"Tue, Feb 26, 2019",OKC,112,DEN,121
"Tue, Feb 26, 2019",ORL,103,NYK,108
"Tue, Feb 26, 2019",BOS,95,TOR,118
"Wed, Feb 27, 2019",MIN,123,ATL,131
"Wed, Feb 27, 2019",POR,97,BOS,92
"Wed, Feb 27, 2019",WAS,125,BKN,116
"Wed, Feb 27, 2019",HOU,118,CHA,113
"Wed, Feb 27, 2019",IND,101,DAL,110
"Wed, Feb 27, 2019",NOP,119,LAL,125
"Wed, Feb 27, 2019",CHI,109,MEM,107
"Wed, Feb 27, 2019",GSW,125,MIA,126
"Wed, Feb 27, 2019",MIL,141,SAC,140
"Wed, Feb 27, 2019",DET,93,SAS,105
"Wed, Feb 27, 2019",LAC,105,UTA,111
"Thu, Feb 28, 2019",UTA,111,DEN,104
"Thu, Feb 28, 2019",MIA,118,HOU,121
"Thu, Feb 28, 2019",MIN,115,IND,122
"Thu, Feb 28, 2019",CLE,125,NYK,118
"Thu, Feb 28, 2019",PHI,108,OKC,104
"Thu, Feb 28, 2019",GSW,96,ORL,103
"Fri, Mar 1, 2019",CHI,168,ATL,161
"Fri, Mar 1, 2019",WAS,96,BOS,107
"Fri, Mar 1, 2019",CHA,123,BKN,112
"Fri, Mar 1, 2019",MIL,131,LAL,120
"Fri, Mar 1, 2019",NOP,130,PHX,116
"Fri, Mar 1, 2019",LAC,116,SAC,109
"Fri, Mar 1, 2019",POR,117,TOR,119
"Sat, Mar 2, 2019",DET,129,CLE,93
"Sat, Mar 2, 2019",MEM,111,DAL,81
"Sat, Mar 2, 2019",NOP,120,DEN,112
"Sat, Mar 2, 2019",ORL,117,IND,112
"Sat, Mar 2, 2019",BKN,88,MIA,117
"Sat, Mar 2, 2019",GSW,120,PHI,117
"Sat, Mar 2, 2019",LAL,109,PHX,118
"Sat, Mar 2, 2019",OKC,102,SAS,116
"Sat, Mar 2, 2019",MIL,111,UTA,115
"Sun, Mar 3, 2019",HOU,115,BOS,104
"Sun, Mar 3, 2019",ATL,123,CHI,118
"Sun, Mar 3, 2019",POR,118,CHA,108
"Sun, Mar 3, 2019",ORL,93,CLE,107
"Sun, Mar 3, 2019",TOR,107,DET,112
"Sun, Mar 3, 2019",NYK,107,LAC,128
"Sun, Mar 3, 2019",MEM,95,OKC,99
"Sun, Mar 3, 2019",MIN,121,WAS,135
"Mon, Mar 4, 2019",DAL,88,BKN,127
"Mon, Mar 4, 2019",LAC,113,LAL,105
"Mon, Mar 4, 2019",ATL,113,MIA,114
"Mon, Mar 4, 2019",MIL,105,PHX,114
"Mon, Mar 4, 2019",NYK,108,SAC,115
"Mon, Mar 4, 2019",DEN,103,SAS,104
"Mon, Mar 4, 2019",NOP,115,UTA,112
"Tue, Mar 5, 2019",BOS,128,GSW,95
"Tue, Mar 5, 2019",CHI,96,IND,105
"Tue, Mar 5, 2019",POR,111,MEM,120
"Tue, Mar 5, 2019",OKC,120,MIN,131
"Tue, Mar 5, 2019",ORL,106,PHI,114
"Tue, Mar 5, 2019",HOU,107,TOR,95
"Wed, Mar 6, 2019",SAS,111,ATL,104
"Wed, Mar 6, 2019",CLE,107,BKN,113
"Wed, Mar 6, 2019",PHI,107,CHI,108
"Wed, Mar 6, 2019",MIA,91,CHA,84
"Wed, Mar 6, 2019",MIN,114,DET,131
"Wed, Mar 6, 2019",DEN,115,LAL,99
"Wed, Mar 6, 2019",UTA,114,NOP,104
"Wed, Mar 6, 2019",NYK,96,PHX,107
"Wed, Mar 6, 2019",BOS,111,SAC,109
"Wed, Mar 6, 2019",DAL,123,WAS,132
"Thu, Mar 7, 2019",IND,98,MIL,117
"Thu, Mar 7, 2019",OKC,129,POR,121
"Fri, Mar 8, 2019",DET,112,CHI,104
"Fri, Mar 8, 2019",WAS,111,CHA,112
"Fri, Mar 8, 2019",DEN,105,GSW,122
"Fri, Mar 8, 2019",PHI,91,HOU,107
"Fri, Mar 8, 2019",OKC,110,LAC,118
"Fri, Mar 8, 2019",UTA,104,MEM,114
"Fri, Mar 8, 2019",CLE,110,MIA,126
"Fri, Mar 8, 2019",TOR,127,NOP,104
"Fri, Mar 8, 2019",DAL,106,ORL,111
"Sat, Mar 9, 2019",BKN,114,ATL,112
"Sat, Mar 9, 2019",BOS,120,LAL,107
"Sat, Mar 9, 2019",CHA,114,MIL,131
"Sat, Mar 9, 2019",WAS,130,MIN,135
"Sat, Mar 9, 2019",SAC,102,NYK,94
"Sat, Mar 9, 2019",PHX,120,POR,127
"Sun, Mar 10, 2019",NOP,116,ATL,128
"Sun, Mar 10, 2019",HOU,94,DAL,93
"Sun, Mar 10, 2019",CHI,108,DET,131
"Sun, Mar 10, 2019",PHX,115,GSW,111
"Sun, Mar 10, 2019",ORL,97,MEM,105
"Sun, Mar 10, 2019",TOR,125,MIA,104
"Sun, Mar 10, 2019",NYK,92,MIN,103
"Sun, Mar 10, 2019",IND,89,PHI,106
"Sun, Mar 10, 2019",MIL,114,SAS,121
"Mon, Mar 11, 2019",DET,75,BKN,103
"Mon, Mar 11, 2019",TOR,101,CLE,126
"Mon, Mar 11, 2019",CHA,106,HOU,118
"Mon, Mar 11, 2019",BOS,115,LAC,140
"Mon, Mar 11, 2019",OKC,98,UTA,89
"Mon, Mar 11, 2019",SAC,115,WAS,121
"Tue, Mar 12, 2019",LAL,123,CHI,107
"Tue, Mar 12, 2019",SAS,112,DAL,105
"Tue, Mar 12, 2019",MIN,107,DEN,133
"Tue, Mar 12, 2019",NYK,98,IND,103
"Tue, Mar 12, 2019",POR,125,LAC,104
"Tue, Mar 12, 2019",MIL,130,NOP,113
"Tue, Mar 12, 2019",CLE,99,PHI,106
"Wed, Mar 13, 2019",MEM,111,ATL,132
"Wed, Mar 13, 2019",GSW,106,HOU,104
"Wed, Mar 13, 2019",DET,74,MIA,108
"Wed, Mar 13, 2019",BKN,96,OKC,108
"Wed, Mar 13, 2019",UTA,114,PHX,97
"Wed, Mar 13, 2019",ORL,90,WAS,100
"Thu, Mar 14, 2019",SAC,120,BOS,126
"Thu, Mar 14, 2019",DAL,99,DEN,100
"Thu, Mar 14, 2019",OKC,106,IND,108
"Thu, Mar 14, 2019",CLE,91,ORL,120
"Thu, Mar 14, 2019",LAL,98,TOR,111
"Thu, Mar 14, 2019",MIN,100,UTA,120
"Fri, Mar 15, 2019",LAL,97,DET,111
"Fri, Mar 15, 2019",PHX,102,HOU,108
"Fri, Mar 15, 2019",CHI,121,LAC,128
"Fri, Mar 15, 2019",MIL,113,MIA,98
"Fri, Mar 15, 2019",POR,122,NOP,110
"Fri, Mar 15, 2019",SAC,114,PHI,123
"Fri, Mar 15, 2019",NYK,83,SAS,109
"Fri, Mar 15, 2019",CHA,116,WAS,110
"Sat, Mar 16, 2019",ATL,120,BOS,129
"Sat, Mar 16, 2019",CLE,116,DAL,121
"Sat, Mar 16, 2019",IND,100,DEN,102
"Sat, Mar 16, 2019",PHX,138,NOP,136
"Sat, Mar 16, 2019",GSW,110,OKC,88
"Sat, Mar 16, 2019",POR,103,SAS,108
"Sat, Mar 16, 2019",BKN,98,UTA,114
"Sat, Mar 16, 2019",MEM,128,WAS,135
"Sun, Mar 17, 2019",TOR,107,DET,110
"Sun, Mar 17, 2019",MIN,102,HOU,117
"Sun, Mar 17, 2019",BKN,116,LAC,119
"Sun, Mar 17, 2019",CHA,75,MIA,93
"Sun, Mar 17, 2019",PHI,130,MIL,125
"Sun, Mar 17, 2019",LAL,123,NYK,124
"Sun, Mar 17, 2019",ATL,91,ORL,101
"Sun, Mar 17, 2019",CHI,102,SAC,129
"Mon, Mar 18, 2019",DEN,114,BOS,105
"Mon, Mar 18, 2019",DET,119,CLE,126
"Mon, Mar 18, 2019",NOP,129,DAL,125
"Mon, Mar 18, 2019",MIA,116,OKC,107
"Mon, Mar 18, 2019",CHI,116,PHX,101
"Mon, Mar 18, 2019",IND,98,POR,106
"Mon, Mar 18, 2019",GSW,105,SAS,111
"Mon, Mar 18, 2019",NYK,92,TOR,128
"Mon, Mar 18, 2019",UTA,116,WAS,95
"Tue, Mar 19, 2019",HOU,121,ATL,105
"Tue, Mar 19, 2019",PHI,118,CHA,114
"Tue, Mar 19, 2019",IND,109,LAC,115
"Tue, Mar 19, 2019",LAL,101,MIL,115
"Tue, Mar 19, 2019",GSW,117,MIN,107
"Tue, Mar 19, 2019",BKN,123,SAC,121
"Wed, Mar 20, 2019",WAS,120,CHI,126
"Wed, Mar 20, 2019",MIL,102,CLE,107
"Wed, Mar 20, 2019",HOU,125,MEM,126
"Wed, Mar 20, 2019",UTA,137,NYK,116
"Wed, Mar 20, 2019",TOR,123,OKC,114
"Wed, Mar 20, 2019",NOP,96,ORL,119
"Wed, Mar 20, 2019",BOS,115,PHI,118
"Wed, Mar 20, 2019",DAL,118,POR,126
"Wed, Mar 20, 2019",MIA,110,SAS,105
"Thu, Mar 21, 2019",UTA,114,ATL,117
"Thu, Mar 21, 2019",MIN,106,CHA,113
"Thu, Mar 21, 2019",IND,89,GSW,112
"Thu, Mar 21, 2019",DET,118,PHX,98
"Thu, Mar 21, 2019",DAL,100,SAC,116
"Thu, Mar 21, 2019",DEN,113,WAS,108
"Fri, Mar 22, 2019",LAC,110,CLE,108
"Fri, Mar 22, 2019",SAS,105,HOU,111
"Fri, Mar 22, 2019",BKN,111,LAL,106
"Fri, Mar 22, 2019",MIA,87,MIL,116
"Fri, Mar 22, 2019",DEN,111,NYK,93
"Fri, Mar 22, 2019",MEM,119,ORL,123
"Fri, Mar 22, 2019",OKC,116,TOR,109
"Sat, Mar 23, 2019",PHI,127,ATL,129
"Sat, Mar 23, 2019",UTA,114,CHI,83
"Sat, Mar 23, 2019",BOS,117,CHA,124
"Sat, Mar 23, 2019",DAL,126,GSW,91
"Sat, Mar 23, 2019",MIN,112,MEM,99
"Sat, Mar 23, 2019",DET,112,POR,117
"Sat, Mar 23, 2019",PHX,103,SAC,112
"Sat, Mar 23, 2019",MIA,113,WAS,108
"Sun, Mar 24, 2019",SAS,115,BOS,96
"Sun, Mar 24, 2019",DET,114,GSW,121
"Sun, Mar 24, 2019",DEN,88,IND,124
"Sun, Mar 24, 2019",SAC,106,LAL,111
"Sun, Mar 24, 2019",CLE,105,MIL,127
"Sun, Mar 24, 2019",HOU,113,NOP,90
"Sun, Mar 24, 2019",LAC,124,NYK,113
"Sun, Mar 24, 2019",CHA,115,TOR,114
"Mon, Mar 25, 2019",OKC,103,MEM,115
"Mon, Mar 25, 2019",PHI,98,ORL,119
"Mon, Mar 25, 2019",BKN,144,POR,148
"Mon, Mar 25, 2019",PHX,92,UTA,125
"Tue, Mar 26, 2019",SAS,116,CHA,125
"Tue, Mar 26, 2019",BOS,116,CLE,106
"Tue, Mar 26, 2019",SAC,125,DAL,121
"Tue, Mar 26, 2019",DET,92,DEN,95
"Tue, Mar 26, 2019",WAS,106,LAL,124
"Tue, Mar 26, 2019",ORL,104,MIA,99
"Tue, Mar 26, 2019",HOU,94,MIL,108
"Tue, Mar 26, 2019",LAC,122,MIN,111
"Tue, Mar 26, 2019",ATL,130,NOP,120
"Tue, Mar 26, 2019",CHI,103,TOR,112
"Wed, Mar 27, 2019",POR,118,CHI,98
"Wed, Mar 27, 2019",GSW,118,MEM,103
"Wed, Mar 27, 2019",IND,99,OKC,107
"Wed, Mar 27, 2019",WAS,124,PHX,121
"Wed, Mar 27, 2019",LAL,100,UTA,115
"Thu, Mar 28, 2019",ORL,98,DET,115
"Thu, Mar 28, 2019",DEN,85,HOU,112
"Thu, Mar 28, 2019",DAL,99,MIA,105
"Thu, Mar 28, 2019",LAC,118,MIL,128
"Thu, Mar 28, 2019",SAC,118,NOP,121
"Thu, Mar 28, 2019",TOR,117,NYK,92
"Thu, Mar 28, 2019",BKN,110,PHI,123
"Thu, Mar 28, 2019",CLE,110,SAS,116
"Fri, Mar 29, 2019",POR,118,ATL,98
"Fri, Mar 29, 2019",IND,112,BOS,114
"Fri, Mar 29, 2019",CHA,115,LAL,129
"Fri, Mar 29, 2019",GSW,130,MIN,131
"Fri, Mar 29, 2019",DEN,115,OKC,105
"Fri, Mar 29, 2019",WAS,124,UTA,128
"Sat, Mar 30, 2019",BOS,96,BKN,110
"Sat, Mar 30, 2019",TOR,124,CHI,101
"Sat, Mar 30, 2019",POR,90,DET,99
"Sat, Mar 30, 2019",SAC,108,HOU,119
"Sat, Mar 30, 2019",ORL,121,IND,116
"Sat, Mar 30, 2019",CLE,108,LAC,132
"Sat, Mar 30, 2019",PHI,118,MIN,109
"Sat, Mar 30, 2019",MIA,100,NYK,92
"Sat, Mar 30, 2019",MEM,120,PHX,115
"Sun, Mar 31, 2019",MIL,135,ATL,136
"Sun, Mar 31, 2019",WAS,95,DEN,90
"Sun, Mar 31, 2019",CHA,90,GSW,137
"Sun, Mar 31, 2019",MEM,96,LAC,113
"Sun, Mar 31, 2019",LAL,130,NOP,102
"Sun, Mar 31, 2019",DAL,106,OKC,103
"Sun, Mar 31, 2019",SAC,113,SAS,106
"Mon, Apr 1, 2019",MIA,105,BOS,110
"Mon, Apr 1, 2019",MIL,131,BKN,121
"Mon, Apr 1, 2019",PHI,102,DAL,122
"Mon, Apr 1, 2019",DET,102,IND,111
"Mon, Apr 1, 2019",POR,132,MIN,122
"Mon, Apr 1, 2019",CHI,105,NYK,113
"Mon, Apr 1, 2019",CLE,113,PHX,122
"Mon, Apr 1, 2019",ORL,109,TOR,121
"Mon, Apr 1, 2019",CHA,102,UTA,111
"Tue, Apr 2, 2019",DEN,102,GSW,116
"Tue, Apr 2, 2019",LAL,103,OKC,119
"Tue, Apr 2, 2019",HOU,130,SAC,105
"Tue, Apr 2, 2019",ATL,111,SAS,117
"Wed, Apr 3, 2019",PHI,122,ATL,130
"Wed, Apr 3, 2019",TOR,115,BKN,105
"Wed, Apr 3, 2019",MIN,110,DAL,108
"Wed, Apr 3, 2019",SAS,85,DEN,113
"Wed, Apr 3, 2019",IND,108,DET,89
"Wed, Apr 3, 2019",HOU,135,LAC,103
"Wed, Apr 3, 2019",BOS,112,MIA,102
"Wed, Apr 3, 2019",CHA,115,NOP,109
"Wed, Apr 3, 2019",NYK,100,ORL,114
"Wed, Apr 3, 2019",UTA,118,PHX,97
"Wed, Apr 3, 2019",MEM,89,POR,116
"Wed, Apr 3, 2019",CHI,115,WAS,114
"Thu, Apr 4, 2019",GSW,108,LAL,90
"Thu, Apr 4, 2019",MIL,128,PHI,122
"Thu, Apr 4, 2019",CLE,104,SAC,117
"Fri, Apr 5, 2019",TOR,111,CHA,113
"Fri, Apr 5, 2019",MEM,122,DAL,112
"Fri, Apr 5, 2019",POR,110,DEN,119
"Fri, Apr 5, 2019",CLE,114,GSW,120
"Fri, Apr 5, 2019",NYK,96,HOU,120
"Fri, Apr 5, 2019",BOS,117,IND,97
"Fri, Apr 5, 2019",LAL,122,LAC,117
"Fri, Apr 5, 2019",MIA,109,MIN,111
"Fri, Apr 5, 2019",DET,110,OKC,123
"Fri, Apr 5, 2019",ATL,113,ORL,149
"Fri, Apr 5, 2019",NOP,126,PHX,133
"Fri, Apr 5, 2019",SAC,98,UTA,119
"Fri, Apr 5, 2019",SAS,129,WAS,112
"Sat, Apr 6, 2019",PHI,116,CHI,96
"Sat, Apr 6, 2019",BKN,133,MIL,128
"Sun, Apr 7, 2019",ORL,116,BOS,108
"Sun, Apr 7, 2019",SAS,112,CLE,90
"Sun, Apr 7, 2019",CHA,104,DET,91
"Sun, Apr 7, 2019",LAC,104,GSW,131
"Sun, Apr 7, 2019",PHX,113,HOU,149
"Sun, Apr 7, 2019",BKN,108,IND,96
"Sun, Apr 7, 2019",UTA,109,LAL,113
"Sun, Apr 7, 2019",DAL,129,MEM,127
"Sun, Apr 7, 2019",ATL,107,MIL,115
"Sun, Apr 7, 2019",OKC,132,MIN,126
"Sun, Apr 7, 2019",WAS,110,NYK,113
"Sun, Apr 7, 2019",DEN,108,POR,115
"Sun, Apr 7, 2019",NOP,133,SAC,129
"Sun, Apr 7, 2019",MIA,109,TOR,117
"Tue, Apr 9, 2019",NYK,96,CHI,86
"Tue, Apr 9, 2019",CHA,124,CLE,97
"Tue, Apr 9, 2019",PHX,109,DAL,120
"Tue, Apr 9, 2019",MEM,93,DET,100
"Tue, Apr 9, 2019",POR,104,LAL,101
"Tue, Apr 9, 2019",PHI,99,MIA,122
"Tue, Apr 9, 2019",TOR,120,MIN,100
"Tue, Apr 9, 2019",GSW,112,NOP,103
"Tue, Apr 9, 2019",HOU,111,OKC,112
"Tue, Apr 9, 2019",DEN,108,UTA,118
"Tue, Apr 9, 2019",BOS,116,WAS,110
"Wed, Apr 10, 2019",IND,135,ATL,134
"Wed, Apr 10, 2019",MIA,94,BKN,113
"Wed, Apr 10, 2019",ORL,122,CHA,114
"Wed, Apr 10, 2019",MIN,95,DEN,99
"Wed, Apr 10, 2019",UTA,137,LAC,143
"Wed, Apr 10, 2019",GSW,117,MEM,132
"Wed, Apr 10, 2019",OKC,127,MIL,116
"Wed, Apr 10, 2019",DET,115,NYK,89
"Wed, Apr 10, 2019",CHI,109,PHI,125
"Wed, Apr 10, 2019",SAC,131,POR,136
"Wed, Apr 10, 2019",DAL,94,SAS,105
"Sat, Apr 13, 2019",SAS,101,DEN,96
"Sat, Apr 13, 2019",LAC,104,GSW,121
"Sat, Apr 13, 2019",BKN,111,PHI,102
"Sat, Apr 13, 2019",ORL,104,TOR,101
"Sun, Apr 14, 2019",IND,74,BOS,84
"Sun, Apr 14, 2019",UTA,90,HOU,122
"Sun, Apr 14, 2019",DET,86,MIL,121
"Sun, Apr 14, 2019",OKC,99,POR,104
"Mon, Apr 15, 2019",LAC,135,GSW,131
"Mon, Apr 15, 2019",BKN,123,PHI,145
"Tue, Apr 16, 2019",SAS,105,DEN,114
"Tue, Apr 16, 2019",OKC,94,POR,114
"Tue, Apr 16, 2019",ORL,82,TOR,111
"Wed, Apr 17, 2019",IND,91,BOS,99
"Wed, Apr 17, 2019",UTA,98,HOU,118
"Wed, Apr 17, 2019",DET,99,MIL,120
"Thu, Apr 18, 2019",PHI,131,BKN,115
"Thu, Apr 18, 2019",GSW,132,LAC,105
"Thu, Apr 18, 2019",DEN,108,SAS,118
"Fri, Apr 19, 2019",BOS,104,IND,96
"Fri, Apr 19, 2019",POR,108,OKC,120
"Fri, Apr 19, 2019",TOR,98,ORL,93
"Sat, Apr 20, 2019",PHI,112,BKN,108
"Sat, Apr 20, 2019",MIL,119,DET,103
"Sat, Apr 20, 2019",DEN,117,SAS,103
"Sat, Apr 20, 2019",HOU,104,UTA,101
"Sun, Apr 21, 2019",BOS,110,IND,106
"Sun, Apr 21, 2019",GSW,113,LAC,105
"Sun, Apr 21, 2019",POR,111,OKC,98
"Sun, Apr 21, 2019",TOR,107,ORL,85
"Mon, Apr 22, 2019",MIL,127,DET,104
"Mon, Apr 22, 2019",HOU,91,UTA,107
"Tue, Apr 23, 2019",SAS,90,DEN,108
"Tue, Apr 23, 2019",BKN,100,PHI,122
"Tue, Apr 23, 2019",OKC,115,POR,118
"Tue, Apr 23, 2019",ORL,96,TOR,115
"Wed, Apr 24, 2019",LAC,129,GSW,121
"Wed, Apr 24, 2019",UTA,93,HOU,100
"Thu, Apr 25, 2019",DEN,103,SAS,120
"Fri, Apr 26, 2019",GSW,129,LAC,110
"Sat, Apr 27, 2019",SAS,86,DEN,90
"Sat, Apr 27, 2019",PHI,95,TOR,108
"Sun, Apr 28, 2019",HOU,100,GSW,104
"Sun, Apr 28, 2019",BOS,112,MIL,90
"Mon, Apr 29, 2019",POR,113,DEN,121
"Mon, Apr 29, 2019",PHI,94,TOR,89
"Tue, Apr 30, 2019",HOU,109,GSW,115
"Tue, Apr 30, 2019",BOS,102,MIL,123
"Wed, May 1, 2019",POR,97,DEN,90
"Thu, May 2, 2019",TOR,95,PHI,116
"Fri, May 3, 2019",MIL,123,BOS,116
"Fri, May 3, 2019",DEN,137,POR,140
"Sat, May 4, 2019",GSW,121,HOU,126
"Sun, May 5, 2019",TOR,101,PHI,96
"Sun, May 5, 2019",DEN,116,POR,112
"Mon, May 6, 2019",MIL,113,BOS,101
"Mon, May 6, 2019",GSW,108,HOU,112
"Tue, May 7, 2019",POR,98,DEN,124
"Tue, May 7, 2019",PHI,89,TOR,125
"Wed, May 8, 2019",HOU,99,GSW,104
"Wed, May 8, 2019",BOS,91,MIL,116
"Thu, May 9, 2019",TOR,101,PHI,112
"Thu, May 9, 2019",DEN,108,POR,119
"Fri, May 10, 2019",GSW,118,HOU,113
"Sun, May 12, 2019",POR,100,DEN,96
"Sun, May 12, 2019",PHI,90,TOR,92
"Tue, May 14, 2019",POR,94,GSW,116
"Wed, May 15, 2019",TOR,100,MIL,108
"Thu, May 16, 2019",POR,111,GSW,114
"Fri, May 17, 2019",TOR,103,MIL,125
"Sat, May 18, 2019",GSW,110,POR,99
"Sun, May 19, 2019",MIL,112,TOR,118
"Mon, May 20, 2019",GSW,119,POR,117
"Tue, May 21, 2019",MIL,102,TOR,120
"Thu, May 23, 2019",TOR,105,MIL,99
"Sat, May 25, 2019",MIL,94,TOR,100
"Thu, May 30, 2019",GSW,109,TOR,118
"Sun, Jun 2, 2019",GSW,109,TOR,104
"Wed, Jun 5, 2019",TOR,123,GSW,109
"Fri, Jun 7, 2019",TOR,105,GSW,92
"Mon, Jun 10, 2019",GSW,106,TOR,105
"Thu, Jun 13, 2019",TOR,114,GSW,110